rank,bioregion_code,bioregion_name,area_km2,protected_pct,gap_to_target_pp,vertex_order,vx,vy,highlight
0,COS,Coral Sea,171.7,0.0,-17.0,0,28.0,0.0,False
0,COS,Coral Sea,171.7,0.0,-17.0,1,52.25,14.0,False
0,COS,Coral Sea,171.7,0.0,-17.0,2,52.25,42.0,False
0,COS,Coral Sea,171.7,0.0,-17.0,3,28.0,56.0,False
0,COS,Coral Sea,171.7,0.0,-17.0,4,3.75,42.0,False
0,COS,Coral Sea,171.7,0.0,-17.0,5,3.75,14.0,False
1,SAI,Subantarctic Islands,491.6,0.0,-17.0,0,76.5,0.0,False
1,SAI,Subantarctic Islands,491.6,0.0,-17.0,1,100.75,14.0,False
1,SAI,Subantarctic Islands,491.6,0.0,-17.0,2,100.75,42.0,False
1,SAI,Subantarctic Islands,491.6,0.0,-17.0,3,76.5,56.0,False
1,SAI,Subantarctic Islands,491.6,0.0,-17.0,4,52.25,42.0,False
1,SAI,Subantarctic Islands,491.6,0.0,-17.0,5,52.25,14.0,False
2,STU,Sturt Plateau,98575.3,0.7,-16.3,0,124.99,0.0,True
2,STU,Sturt Plateau,98575.3,0.7,-16.3,1,149.24,14.0,True
2,STU,Sturt Plateau,98575.3,0.7,-16.3,2,149.24,42.0,True
2,STU,Sturt Plateau,98575.3,0.7,-16.3,3,124.99,56.0,True
2,STU,Sturt Plateau,98575.3,0.7,-16.3,4,100.75,42.0,True
2,STU,Sturt Plateau,98575.3,0.7,-16.3,5,100.75,14.0,True
3,MGD,Mitchell Grass Downs,334687.6,1.56,-15.44,0,173.49,0.0,False
3,MGD,Mitchell Grass Downs,334687.6,1.56,-15.44,1,197.74,14.0,False
3,MGD,Mitchell Grass Downs,334687.6,1.56,-15.44,2,197.74,42.0,False
3,MGD,Mitchell Grass Downs,334687.6,1.56,-15.44,3,173.49,56.0,False
3,MGD,Mitchell Grass Downs,334687.6,1.56,-15.44,4,149.24,42.0,False
3,MGD,Mitchell Grass Downs,334687.6,1.56,-15.44,5,149.24,14.0,False
4,DMR,Davenport Murchison Ranges,58051.1,2.24,-14.76,0,221.99,0.0,False
4,DMR,Davenport Murchison Ranges,58051.1,2.24,-14.76,1,246.24,14.0,False
4,DMR,Davenport Murchison Ranges,58051.1,2.24,-14.76,2,246.24,42.0,False
4,DMR,Davenport Murchison Ranges,58051.1,2.24,-14.76,3,221.99,56.0,False
4,DMR,Davenport Murchison Ranges,58051.1,2.24,-14.76,4,197.74,42.0,False
4,DMR,Davenport Murchison Ranges,58051.1,2.24,-14.76,5,197.74,14.0,False
5,SVP,Southern Volcanic Plain,24403.4,2.29,-14.71,0,270.49,0.0,False
5,SVP,Southern Volcanic Plain,24403.4,2.29,-14.71,1,294.74,14.0,False
5,SVP,Southern Volcanic Plain,24403.4,2.29,-14.71,2,294.74,42.0,False
5,SVP,Southern Volcanic Plain,24403.4,2.29,-14.71,3,270.49,56.0,False
5,SVP,Southern Volcanic Plain,24403.4,2.29,-14.71,4,246.24,42.0,False
5,SVP,Southern Volcanic Plain,24403.4,2.29,-14.71,5,246.24,14.0,False
6,BBN,Brigalow Belt North,136745.3,2.41,-14.59,0,318.98,0.0,False
6,BBN,Brigalow Belt North,136745.3,2.41,-14.59,1,343.23,14.0,False
6,BBN,Brigalow Belt North,136745.3,2.41,-14.59,2,343.23,42.0,False
6,BBN,Brigalow Belt North,136745.3,2.41,-14.59,3,318.98,56.0,False
6,BBN,Brigalow Belt North,136745.3,2.41,-14.59,4,294.74,42.0,False
6,BBN,Brigalow Belt North,136745.3,2.41,-14.59,5,294.74,14.0,False
7,DRP,Darling Riverine Plains,106997.7,3.04,-13.96,0,367.48,0.0,False
7,DRP,Darling Riverine Plains,106997.7,3.04,-13.96,1,391.73,14.0,False
7,DRP,Darling Riverine Plains,106997.7,3.04,-13.96,2,391.73,42.0,False
7,DRP,Darling Riverine Plains,106997.7,3.04,-13.96,3,367.48,56.0,False
7,DRP,Darling Riverine Plains,106997.7,3.04,-13.96,4,343.23,42.0,False
7,DRP,Darling Riverine Plains,106997.7,3.04,-13.96,5,343.23,14.0,False
8,COP,Cobar Peneplain,73853.5,3.26,-13.74,0,415.98,0.0,False
8,COP,Cobar Peneplain,73853.5,3.26,-13.74,1,440.23,14.0,False
8,COP,Cobar Peneplain,73853.5,3.26,-13.74,2,440.23,42.0,False
8,COP,Cobar Peneplain,73853.5,3.26,-13.74,3,415.98,56.0,False
8,COP,Cobar Peneplain,73853.5,3.26,-13.74,4,391.73,42.0,False
8,COP,Cobar Peneplain,73853.5,3.26,-13.74,5,391.73,14.0,False
9,NSS,NSW South Western Slopes,86810.9,3.34,-13.66,0,464.48,0.0,False
9,NSS,NSW South Western Slopes,86810.9,3.34,-13.66,1,488.73,14.0,False
9,NSS,NSW South Western Slopes,86810.9,3.34,-13.66,2,488.73,42.0,False
9,NSS,NSW South Western Slopes,86810.9,3.34,-13.66,3,464.48,56.0,False
9,NSS,NSW South Western Slopes,86810.9,3.34,-13.66,4,440.23,42.0,False
9,NSS,NSW South Western Slopes,86810.9,3.34,-13.66,5,440.23,14.0,False
10,DEU,Desert Uplands,69411.0,3.37,-13.63,0,512.97,0.0,False
10,DEU,Desert Uplands,69411.0,3.37,-13.63,1,537.22,14.0,False
10,DEU,Desert Uplands,69411.0,3.37,-13.63,2,537.22,42.0,False
10,DEU,Desert Uplands,69411.0,3.37,-13.63,3,512.97,56.0,False
10,DEU,Desert Uplands,69411.0,3.37,-13.63,4,488.73,42.0,False
10,DEU,Desert Uplands,69411.0,3.37,-13.63,5,488.73,14.0,False
11,AVW,Avon Wheatbelt,95171.0,4.47,-12.53,0,561.47,0.0,False
11,AVW,Avon Wheatbelt,95171.0,4.47,-12.53,1,585.72,14.0,False
11,AVW,Avon Wheatbelt,95171.0,4.47,-12.53,2,585.72,42.0,False
11,AVW,Avon Wheatbelt,95171.0,4.47,-12.53,3,561.47,56.0,False
11,AVW,Avon Wheatbelt,95171.0,4.47,-12.53,4,537.22,42.0,False
11,AVW,Avon Wheatbelt,95171.0,4.47,-12.53,5,537.22,14.0,False
12,NAN,Nandewar,27019.6,4.59,-12.41,0,52.25,42.0,False
12,NAN,Nandewar,27019.6,4.59,-12.41,1,76.5,56.0,False
12,NAN,Nandewar,27019.6,4.59,-12.41,2,76.5,84.0,False
12,NAN,Nandewar,27019.6,4.59,-12.41,3,52.25,98.0,False
12,NAN,Nandewar,27019.6,4.59,-12.41,4,28.0,84.0,False
12,NAN,Nandewar,27019.6,4.59,-12.41,5,28.0,56.0,False
13,FIN,Finke,72674.2,4.6,-12.4,0,100.75,42.0,False
13,FIN,Finke,72674.2,4.6,-12.4,1,124.99,56.0,False
13,FIN,Finke,72674.2,4.6,-12.4,2,124.99,84.0,False
13,FIN,Finke,72674.2,4.6,-12.4,3,100.75,98.0,False
13,FIN,Finke,72674.2,4.6,-12.4,4,76.5,84.0,False
13,FIN,Finke,72674.2,4.6,-12.4,5,76.5,56.0,False
14,MUL,Mulga Lands,251883.3,4.97,-12.03,0,149.24,42.0,False
14,MUL,Mulga Lands,251883.3,4.97,-12.03,1,173.49,56.0,False
14,MUL,Mulga Lands,251883.3,4.97,-12.03,2,173.49,84.0,False
14,MUL,Mulga Lands,251883.3,4.97,-12.03,3,149.24,98.0,False
14,MUL,Mulga Lands,251883.3,4.97,-12.03,4,124.99,84.0,False
14,MUL,Mulga Lands,251883.3,4.97,-12.03,5,124.99,56.0,False
15,BBS,Brigalow Belt South,272199.0,5.52,-11.48,0,197.74,42.0,False
15,BBS,Brigalow Belt South,272199.0,5.52,-11.48,1,221.99,56.0,False
15,BBS,Brigalow Belt South,272199.0,5.52,-11.48,2,221.99,84.0,False
15,BBS,Brigalow Belt South,272199.0,5.52,-11.48,3,197.74,98.0,False
15,BBS,Brigalow Belt South,272199.0,5.52,-11.48,4,173.49,84.0,False
15,BBS,Brigalow Belt South,272199.0,5.52,-11.48,5,173.49,56.0,False
16,BHC,Broken Hill Complex,56354.2,5.82,-11.18,0,246.24,42.0,False
16,BHC,Broken Hill Complex,56354.2,5.82,-11.18,1,270.49,56.0,False
16,BHC,Broken Hill Complex,56354.2,5.82,-11.18,2,270.49,84.0,False
16,BHC,Broken Hill Complex,56354.2,5.82,-11.18,3,246.24,98.0,False
16,BHC,Broken Hill Complex,56354.2,5.82,-11.18,4,221.99,84.0,False
16,BHC,Broken Hill Complex,56354.2,5.82,-11.18,5,221.99,56.0,False
17,MII,Mount Isa Inlier,67782.6,6.45,-10.55,0,294.74,42.0,False
17,MII,Mount Isa Inlier,67782.6,6.45,-10.55,1,318.98,56.0,False
17,MII,Mount Isa Inlier,67782.6,6.45,-10.55,2,318.98,84.0,False
17,MII,Mount Isa Inlier,67782.6,6.45,-10.55,3,294.74,98.0,False
17,MII,Mount Isa Inlier,67782.6,6.45,-10.55,4,270.49,84.0,False
17,MII,Mount Isa Inlier,67782.6,6.45,-10.55,5,270.49,56.0,False
18,RIV,Riverina,97045.0,6.47,-10.53,0,343.23,42.0,False
18,RIV,Riverina,97045.0,6.47,-10.53,1,367.48,56.0,False
18,RIV,Riverina,97045.0,6.47,-10.53,2,367.48,84.0,False
18,RIV,Riverina,97045.0,6.47,-10.53,3,343.23,98.0,False
18,RIV,Riverina,97045.0,6.47,-10.53,4,318.98,84.0,False
18,RIV,Riverina,97045.0,6.47,-10.53,5,318.98,56.0,False
19,BRT,Burt Plain,73797.2,6.68,-10.32,0,391.73,42.0,False
19,BRT,Burt Plain,73797.2,6.68,-10.32,1,415.98,56.0,False
19,BRT,Burt Plain,73797.2,6.68,-10.32,2,415.98,84.0,False
19,BRT,Burt Plain,73797.2,6.68,-10.32,3,391.73,98.0,False
19,BRT,Burt Plain,73797.2,6.68,-10.32,4,367.48,84.0,False
19,BRT,Burt Plain,73797.2,6.68,-10.32,5,367.48,56.0,False
20,TNM,Tasmanian Northern Midlands,4154.4,6.74,-10.26,0,440.23,42.0,False
20,TNM,Tasmanian Northern Midlands,4154.4,6.74,-10.26,1,464.48,56.0,False
20,TNM,Tasmanian Northern Midlands,4154.4,6.74,-10.26,2,464.48,84.0,False
20,TNM,Tasmanian Northern Midlands,4154.4,6.74,-10.26,3,440.23,98.0,False
20,TNM,Tasmanian Northern Midlands,4154.4,6.74,-10.26,4,415.98,84.0,False
20,TNM,Tasmanian Northern Midlands,4154.4,6.74,-10.26,5,415.98,56.0,False
21,MUR,Murchison,281205.5,7.0,-10.0,0,488.73,42.0,False
21,MUR,Murchison,281205.5,7.0,-10.0,1,512.97,56.0,False
21,MUR,Murchison,281205.5,7.0,-10.0,2,512.97,84.0,False
21,MUR,Murchison,281205.5,7.0,-10.0,3,488.73,98.0,False
21,MUR,Murchison,281205.5,7.0,-10.0,4,464.48,84.0,False
21,MUR,Murchison,281205.5,7.0,-10.0,5,464.48,56.0,False
22,GUP,Gulf Plains,220418.3,7.46,-9.54,0,537.22,42.0,False
22,GUP,Gulf Plains,220418.3,7.46,-9.54,1,561.47,56.0,False
22,GUP,Gulf Plains,220418.3,7.46,-9.54,2,561.47,84.0,False
22,GUP,Gulf Plains,220418.3,7.46,-9.54,3,537.22,98.0,False
22,GUP,Gulf Plains,220418.3,7.46,-9.54,4,512.97,84.0,False
22,GUP,Gulf Plains,220418.3,7.46,-9.54,5,512.97,56.0,False
23,EIU,Einasleigh Uplands,116257.3,8.06,-8.94,0,585.72,42.0,False
23,EIU,Einasleigh Uplands,116257.3,8.06,-8.94,1,609.97,56.0,False
23,EIU,Einasleigh Uplands,116257.3,8.06,-8.94,2,609.97,84.0,False
23,EIU,Einasleigh Uplands,116257.3,8.06,-8.94,3,585.72,98.0,False
23,EIU,Einasleigh Uplands,116257.3,8.06,-8.94,4,561.47,84.0,False
23,EIU,Einasleigh Uplands,116257.3,8.06,-8.94,5,561.47,56.0,False
24,PIL,Pilbara,178231.3,8.78,-8.22,0,28.0,84.0,False
24,PIL,Pilbara,178231.3,8.78,-8.22,1,52.25,98.0,False
24,PIL,Pilbara,178231.3,8.78,-8.22,2,52.25,126.0,False
24,PIL,Pilbara,178231.3,8.78,-8.22,3,28.0,140.0,False
24,PIL,Pilbara,178231.3,8.78,-8.22,4,3.75,126.0,False
24,PIL,Pilbara,178231.3,8.78,-8.22,5,3.75,98.0,False
25,STP,Stony Plains,131663.7,8.93,-8.07,0,76.5,84.0,False
25,STP,Stony Plains,131663.7,8.93,-8.07,1,100.75,98.0,False
25,STP,Stony Plains,131663.7,8.93,-8.07,2,100.75,126.0,False
25,STP,Stony Plains,131663.7,8.93,-8.07,3,76.5,140.0,False
25,STP,Stony Plains,131663.7,8.93,-8.07,4,52.25,126.0,False
25,STP,Stony Plains,131663.7,8.93,-8.07,5,52.25,98.0,False
26,FLB,Flinders Lofty Block,66157.7,9.11,-7.89,0,124.99,84.0,False
26,FLB,Flinders Lofty Block,66157.7,9.11,-7.89,1,149.24,98.0,False
26,FLB,Flinders Lofty Block,66157.7,9.11,-7.89,2,149.24,126.0,False
26,FLB,Flinders Lofty Block,66157.7,9.11,-7.89,3,124.99,140.0,False
26,FLB,Flinders Lofty Block,66157.7,9.11,-7.89,4,100.75,126.0,False
26,FLB,Flinders Lofty Block,66157.7,9.11,-7.89,5,100.75,98.0,False
27,SCP,South East Coastal Plain,17492.4,9.29,-7.71,0,173.49,84.0,False
27,SCP,South East Coastal Plain,17492.4,9.29,-7.71,1,197.74,98.0,False
27,SCP,South East Coastal Plain,17492.4,9.29,-7.71,2,197.74,126.0,False
27,SCP,South East Coastal Plain,17492.4,9.29,-7.71,3,173.49,140.0,False
27,SCP,South East Coastal Plain,17492.4,9.29,-7.71,4,149.24,126.0,False
27,SCP,South East Coastal Plain,17492.4,9.29,-7.71,5,149.24,98.0,False
28,NCP,Naracoorte Coastal Plain,24582.1,9.67,-7.33,0,221.99,84.0,False
28,NCP,Naracoorte Coastal Plain,24582.1,9.67,-7.33,1,246.24,98.0,False
28,NCP,Naracoorte Coastal Plain,24582.1,9.67,-7.33,2,246.24,126.0,False
28,NCP,Naracoorte Coastal Plain,24582.1,9.67,-7.33,3,221.99,140.0,False
28,NCP,Naracoorte Coastal Plain,24582.1,9.67,-7.33,4,197.74,126.0,False
28,NCP,Naracoorte Coastal Plain,24582.1,9.67,-7.33,5,197.74,98.0,False
29,DAB,Daly Basin,20922.3,10.47,-6.53,0,270.49,84.0,False
29,DAB,Daly Basin,20922.3,10.47,-6.53,1,294.74,98.0,False
29,DAB,Daly Basin,20922.3,10.47,-6.53,2,294.74,126.0,False
29,DAB,Daly Basin,20922.3,10.47,-6.53,3,270.49,140.0,False
29,DAB,Daly Basin,20922.3,10.47,-6.53,4,246.24,126.0,False
29,DAB,Daly Basin,20922.3,10.47,-6.53,5,246.24,98.0,False
30,NET,New England Tablelands,30022.3,10.73,-6.27,0,318.98,84.0,False
30,NET,New England Tablelands,30022.3,10.73,-6.27,1,343.23,98.0,False
30,NET,New England Tablelands,30022.3,10.73,-6.27,2,343.23,126.0,False
30,NET,New England Tablelands,30022.3,10.73,-6.27,3,318.98,140.0,False
30,NET,New England Tablelands,30022.3,10.73,-6.27,4,294.74,126.0,False
30,NET,New England Tablelands,30022.3,10.73,-6.27,5,294.74,98.0,False
31,CHC,Channel Country,304094.4,11.04,-5.96,0,367.48,84.0,False
31,CHC,Channel Country,304094.4,11.04,-5.96,1,391.73,98.0,False
31,CHC,Channel Country,304094.4,11.04,-5.96,2,391.73,126.0,False
31,CHC,Channel Country,304094.4,11.04,-5.96,3,367.48,140.0,False
31,CHC,Channel Country,304094.4,11.04,-5.96,4,343.23,126.0,False
31,CHC,Channel Country,304094.4,11.04,-5.96,5,343.23,98.0,False
32,SWA,Swan Coastal Plain,15258.0,11.56,-5.44,0,415.98,84.0,False
32,SWA,Swan Coastal Plain,15258.0,11.56,-5.44,1,440.23,98.0,False
32,SWA,Swan Coastal Plain,15258.0,11.56,-5.44,2,440.23,126.0,False
32,SWA,Swan Coastal Plain,15258.0,11.56,-5.44,3,415.98,140.0,False
32,SWA,Swan Coastal Plain,15258.0,11.56,-5.44,4,391.73,126.0,False
32,SWA,Swan Coastal Plain,15258.0,11.56,-5.44,5,391.73,98.0,False
33,VIM,Victorian Midlands,34697.9,11.64,-5.36,0,464.48,84.0,False
33,VIM,Victorian Midlands,34697.9,11.64,-5.36,1,488.73,98.0,False
33,VIM,Victorian Midlands,34697.9,11.64,-5.36,2,488.73,126.0,False
33,VIM,Victorian Midlands,34697.9,11.64,-5.36,3,464.48,140.0,False
33,VIM,Victorian Midlands,34697.9,11.64,-5.36,4,440.23,126.0,False
33,VIM,Victorian Midlands,34697.9,11.64,-5.36,5,440.23,98.0,False
34,OVP,Ord Victoria Plain,125407.0,11.86,-5.14,0,512.97,84.0,False
34,OVP,Ord Victoria Plain,125407.0,11.86,-5.14,1,537.22,98.0,False
34,OVP,Ord Victoria Plain,125407.0,11.86,-5.14,2,537.22,126.0,False
34,OVP,Ord Victoria Plain,125407.0,11.86,-5.14,3,512.97,140.0,False
34,OVP,Ord Victoria Plain,125407.0,11.86,-5.14,4,488.73,126.0,False
34,OVP,Ord Victoria Plain,125407.0,11.86,-5.14,5,488.73,98.0,False
35,CAR,Carnarvon,84301.7,14.6,-2.4,0,561.47,84.0,False
35,CAR,Carnarvon,84301.7,14.6,-2.4,1,585.72,98.0,False
35,CAR,Carnarvon,84301.7,14.6,-2.4,2,585.72,126.0,False
35,CAR,Carnarvon,84301.7,14.6,-2.4,3,561.47,140.0,False
35,CAR,Carnarvon,84301.7,14.6,-2.4,4,537.22,126.0,False
35,CAR,Carnarvon,84301.7,14.6,-2.4,5,537.22,98.0,False
36,HAM,Hampton,10882.0,14.64,-2.36,0,52.25,126.0,False
36,HAM,Hampton,10882.0,14.64,-2.36,1,76.5,140.0,False
36,HAM,Hampton,10882.0,14.64,-2.36,2,76.5,168.0,False
36,HAM,Hampton,10882.0,14.64,-2.36,3,52.25,182.0,False
36,HAM,Hampton,10882.0,14.64,-2.36,4,28.0,168.0,False
36,HAM,Hampton,10882.0,14.64,-2.36,5,28.0,140.0,False
37,MAC,MacDonnell Ranges,39294.4,14.75,-2.25,0,100.75,126.0,False
37,MAC,MacDonnell Ranges,39294.4,14.75,-2.25,1,124.99,140.0,False
37,MAC,MacDonnell Ranges,39294.4,14.75,-2.25,2,124.99,168.0,False
37,MAC,MacDonnell Ranges,39294.4,14.75,-2.25,3,100.75,182.0,False
37,MAC,MacDonnell Ranges,39294.4,14.75,-2.25,4,76.5,168.0,False
37,MAC,MacDonnell Ranges,39294.4,14.75,-2.25,5,76.5,140.0,False
38,DAL,Dampierland,83608.7,14.8,-2.2,0,149.24,126.0,False
38,DAL,Dampierland,83608.7,14.8,-2.2,1,173.49,140.0,False
38,DAL,Dampierland,83608.7,14.8,-2.2,2,173.49,168.0,False
38,DAL,Dampierland,83608.7,14.8,-2.2,3,149.24,182.0,False
38,DAL,Dampierland,83608.7,14.8,-2.2,4,124.99,168.0,False
38,DAL,Dampierland,83608.7,14.8,-2.2,5,124.99,140.0,False
39,SEQ,South Eastern Queensland,78049.2,14.81,-2.19,0,197.74,126.0,False
39,SEQ,South Eastern Queensland,78049.2,14.81,-2.19,1,221.99,140.0,False
39,SEQ,South Eastern Queensland,78049.2,14.81,-2.19,2,221.99,168.0,False
39,SEQ,South Eastern Queensland,78049.2,14.81,-2.19,3,197.74,182.0,False
39,SEQ,South Eastern Queensland,78049.2,14.81,-2.19,4,173.49,168.0,False
39,SEQ,South Eastern Queensland,78049.2,14.81,-2.19,5,173.49,140.0,False
40,JAF,Jarrah Forest,45090.7,14.95,-2.05,0,246.24,126.0,False
40,JAF,Jarrah Forest,45090.7,14.95,-2.05,1,270.49,140.0,False
40,JAF,Jarrah Forest,45090.7,14.95,-2.05,2,270.49,168.0,False
40,JAF,Jarrah Forest,45090.7,14.95,-2.05,3,246.24,182.0,False
40,JAF,Jarrah Forest,45090.7,14.95,-2.05,4,221.99,168.0,False
40,JAF,Jarrah Forest,45090.7,14.95,-2.05,5,221.99,140.0,False
41,CMC,Central Mackay Coast,14642.1,15.0,-2.0,0,294.74,126.0,False
41,CMC,Central Mackay Coast,14642.1,15.0,-2.0,1,318.98,140.0,False
41,CMC,Central Mackay Coast,14642.1,15.0,-2.0,2,318.98,168.0,False
41,CMC,Central Mackay Coast,14642.1,15.0,-2.0,3,294.74,182.0,False
41,CMC,Central Mackay Coast,14642.1,15.0,-2.0,4,270.49,168.0,False
41,CMC,Central Mackay Coast,14642.1,15.0,-2.0,5,270.49,140.0,False
42,EYB,Eyre Yorke Block,61204.1,15.17,-1.83,0,343.23,126.0,False
42,EYB,Eyre Yorke Block,61204.1,15.17,-1.83,1,367.48,140.0,False
42,EYB,Eyre Yorke Block,61204.1,15.17,-1.83,2,367.48,168.0,False
42,EYB,Eyre Yorke Block,61204.1,15.17,-1.83,3,343.23,182.0,False
42,EYB,Eyre Yorke Block,61204.1,15.17,-1.83,4,318.98,168.0,False
42,EYB,Eyre Yorke Block,61204.1,15.17,-1.83,5,318.98,140.0,False
43,TSE,Tasmanian South East,11069.3,15.92,-1.08,0,391.73,126.0,False
43,TSE,Tasmanian South East,11069.3,15.92,-1.08,1,415.98,140.0,False
43,TSE,Tasmanian South East,11069.3,15.92,-1.08,2,415.98,168.0,False
43,TSE,Tasmanian South East,11069.3,15.92,-1.08,3,391.73,182.0,False
43,TSE,Tasmanian South East,11069.3,15.92,-1.08,4,367.48,168.0,False
43,TSE,Tasmanian South East,11069.3,15.92,-1.08,5,367.48,140.0,False
44,GAS,Gascoyne,180752.6,16.09,-0.91,0,440.23,126.0,False
44,GAS,Gascoyne,180752.6,16.09,-0.91,1,464.48,140.0,False
44,GAS,Gascoyne,180752.6,16.09,-0.91,2,464.48,168.0,False
44,GAS,Gascoyne,180752.6,16.09,-0.91,3,440.23,182.0,False
44,GAS,Gascoyne,180752.6,16.09,-0.91,4,415.98,168.0,False
44,GAS,Gascoyne,180752.6,16.09,-0.91,5,415.98,140.0,False
45,BEL,Ben Lomond,6575.0,16.3,-0.7,0,488.73,126.0,False
45,BEL,Ben Lomond,6575.0,16.3,-0.7,1,512.97,140.0,False
45,BEL,Ben Lomond,6575.0,16.3,-0.7,2,512.97,168.0,False
45,BEL,Ben Lomond,6575.0,16.3,-0.7,3,488.73,182.0,False
45,BEL,Ben Lomond,6575.0,16.3,-0.7,4,464.48,168.0,False
45,BEL,Ben Lomond,6575.0,16.3,-0.7,5,464.48,140.0,False
46,TNS,Tasmanian Northern Slopes,6231.0,16.36,-0.64,0,537.22,126.0,False
46,TNS,Tasmanian Northern Slopes,6231.0,16.36,-0.64,1,561.47,140.0,False
46,TNS,Tasmanian Northern Slopes,6231.0,16.36,-0.64,2,561.47,168.0,False
46,TNS,Tasmanian Northern Slopes,6231.0,16.36,-0.64,3,537.22,182.0,False
46,TNS,Tasmanian Northern Slopes,6231.0,16.36,-0.64,4,512.97,168.0,False
46,TNS,Tasmanian Northern Slopes,6231.0,16.36,-0.64,5,512.97,140.0,False
47,GAW,Gawler,120028.8,16.36,-0.64,0,585.72,126.0,False
47,GAW,Gawler,120028.8,16.36,-0.64,1,609.97,140.0,False
47,GAW,Gawler,120028.8,16.36,-0.64,2,609.97,168.0,False
47,GAW,Gawler,120028.8,16.36,-0.64,3,585.72,182.0,False
47,GAW,Gawler,120028.8,16.36,-0.64,4,561.47,168.0,False
47,GAW,Gawler,120028.8,16.36,-0.64,5,561.47,140.0,False
48,MDD,Murray Darling Depression,199583.7,17.4,0.4,0,28.0,168.0,False
48,MDD,Murray Darling Depression,199583.7,17.4,0.4,1,52.25,182.0,False
48,MDD,Murray Darling Depression,199583.7,17.4,0.4,2,52.25,210.0,False
48,MDD,Murray Darling Depression,199583.7,17.4,0.4,3,28.0,224.0,False
48,MDD,Murray Darling Depression,199583.7,17.4,0.4,4,3.75,210.0,False
48,MDD,Murray Darling Depression,199583.7,17.4,0.4,5,3.75,182.0,False
49,VIB,Victoria Bonaparte,73012.4,17.47,0.47,0,76.5,168.0,False
49,VIB,Victoria Bonaparte,73012.4,17.47,0.47,1,100.75,182.0,False
49,VIB,Victoria Bonaparte,73012.4,17.47,0.47,2,100.75,210.0,False
49,VIB,Victoria Bonaparte,73012.4,17.47,0.47,3,76.5,224.0,False
49,VIB,Victoria Bonaparte,73012.4,17.47,0.47,4,52.25,210.0,False
49,VIB,Victoria Bonaparte,73012.4,17.47,0.47,5,52.25,182.0,False
50,SEH,South Eastern Highlands,83759.4,18.91,1.91,0,124.99,168.0,False
50,SEH,South Eastern Highlands,83759.4,18.91,1.91,1,149.24,182.0,False
50,SEH,South Eastern Highlands,83759.4,18.91,1.91,2,149.24,210.0,False
50,SEH,South Eastern Highlands,83759.4,18.91,1.91,3,124.99,224.0,False
50,SEH,South Eastern Highlands,83759.4,18.91,1.91,4,100.75,210.0,False
50,SEH,South Eastern Highlands,83759.4,18.91,1.91,5,100.75,182.0,False
51,GES,Geraldton Sandplains,31421.5,19.08,2.08,0,173.49,168.0,False
51,GES,Geraldton Sandplains,31421.5,19.08,2.08,1,197.74,182.0,False
51,GES,Geraldton Sandplains,31421.5,19.08,2.08,2,197.74,210.0,False
51,GES,Geraldton Sandplains,31421.5,19.08,2.08,3,173.49,224.0,False
51,GES,Geraldton Sandplains,31421.5,19.08,2.08,4,149.24,210.0,False
51,GES,Geraldton Sandplains,31421.5,19.08,2.08,5,149.24,182.0,False
52,KIN,King,4255.7,19.87,2.87,0,221.99,168.0,False
52,KIN,King,4255.7,19.87,2.87,1,246.24,182.0,False
52,KIN,King,4255.7,19.87,2.87,2,246.24,210.0,False
52,KIN,King,4255.7,19.87,2.87,3,221.99,224.0,False
52,KIN,King,4255.7,19.87,2.87,4,197.74,210.0,False
52,KIN,King,4255.7,19.87,2.87,5,197.74,182.0,False
53,TIW,Tiwi Cobourg,10105.8,20.22,3.22,0,270.49,168.0,False
53,TIW,Tiwi Cobourg,10105.8,20.22,3.22,1,294.74,182.0,False
53,TIW,Tiwi Cobourg,10105.8,20.22,3.22,2,294.74,210.0,False
53,TIW,Tiwi Cobourg,10105.8,20.22,3.22,3,270.49,224.0,False
53,TIW,Tiwi Cobourg,10105.8,20.22,3.22,4,246.24,210.0,False
53,TIW,Tiwi Cobourg,10105.8,20.22,3.22,5,246.24,182.0,False
54,KAN,Kanmantoo,8124.1,20.55,3.55,0,318.98,168.0,False
54,KAN,Kanmantoo,8124.1,20.55,3.55,1,343.23,182.0,False
54,KAN,Kanmantoo,8124.1,20.55,3.55,2,343.23,210.0,False
54,KAN,Kanmantoo,8124.1,20.55,3.55,3,318.98,224.0,False
54,KAN,Kanmantoo,8124.1,20.55,3.55,4,294.74,210.0,False
54,KAN,Kanmantoo,8124.1,20.55,3.55,5,294.74,182.0,False
55,GFU,Gulf Fall and Uplands,118479.1,24.4,7.4,0,367.48,168.0,False
55,GFU,Gulf Fall and Uplands,118479.1,24.4,7.4,1,391.73,182.0,False
55,GFU,Gulf Fall and Uplands,118479.1,24.4,7.4,2,391.73,210.0,False
55,GFU,Gulf Fall and Uplands,118479.1,24.4,7.4,3,367.48,224.0,False
55,GFU,Gulf Fall and Uplands,118479.1,24.4,7.4,4,343.23,210.0,False
55,GFU,Gulf Fall and Uplands,118479.1,24.4,7.4,5,343.23,182.0,False
56,GUC,Gulf Coastal,27117.2,26.45,9.45,0,415.98,168.0,False
56,GUC,Gulf Coastal,27117.2,26.45,9.45,1,440.23,182.0,False
56,GUC,Gulf Coastal,27117.2,26.45,9.45,2,440.23,210.0,False
56,GUC,Gulf Coastal,27117.2,26.45,9.45,3,415.98,224.0,False
56,GUC,Gulf Coastal,27117.2,26.45,9.45,4,391.73,210.0,False
56,GUC,Gulf Coastal,27117.2,26.45,9.45,5,391.73,182.0,False
57,NNC,NSW North Coast,39964.7,26.54,9.54,0,464.48,168.0,False
57,NNC,NSW North Coast,39964.7,26.54,9.54,1,488.73,182.0,False
57,NNC,NSW North Coast,39964.7,26.54,9.54,2,488.73,210.0,False
57,NNC,NSW North Coast,39964.7,26.54,9.54,3,464.48,224.0,False
57,NNC,NSW North Coast,39964.7,26.54,9.54,4,440.23,210.0,False
57,NNC,NSW North Coast,39964.7,26.54,9.54,5,440.23,182.0,False
58,ESP,Esperance Plains,29213.3,29.29,12.29,0,512.97,168.0,False
58,ESP,Esperance Plains,29213.3,29.29,12.29,1,537.22,182.0,False
58,ESP,Esperance Plains,29213.3,29.29,12.29,2,537.22,210.0,False
58,ESP,Esperance Plains,29213.3,29.29,12.29,3,512.97,224.0,False
58,ESP,Esperance Plains,29213.3,29.29,12.29,4,488.73,210.0,False
58,ESP,Esperance Plains,29213.3,29.29,12.29,5,488.73,182.0,False
59,SSD,Simpson Strzelecki Dunefields,279842.8,30.88,13.88,0,561.47,168.0,False
59,SSD,Simpson Strzelecki Dunefields,279842.8,30.88,13.88,1,585.72,182.0,False
59,SSD,Simpson Strzelecki Dunefields,279842.8,30.88,13.88,2,585.72,210.0,False
59,SSD,Simpson Strzelecki Dunefields,279842.8,30.88,13.88,3,561.47,224.0,False
59,SSD,Simpson Strzelecki Dunefields,279842.8,30.88,13.88,4,537.22,210.0,False
59,SSD,Simpson Strzelecki Dunefields,279842.8,30.88,13.88,5,537.22,182.0,False
60,DAC,Darwin Coastal,28432.0,30.9,13.9,0,52.25,210.0,False
60,DAC,Darwin Coastal,28432.0,30.9,13.9,1,76.5,224.0,False
60,DAC,Darwin Coastal,28432.0,30.9,13.9,2,76.5,252.0,False
60,DAC,Darwin Coastal,28432.0,30.9,13.9,3,52.25,266.0,False
60,DAC,Darwin Coastal,28432.0,30.9,13.9,4,28.0,252.0,False
60,DAC,Darwin Coastal,28432.0,30.9,13.9,5,28.0,224.0,False
61,CEK,Central Kimberley,76755.9,31.08,14.08,0,100.75,210.0,False
61,CEK,Central Kimberley,76755.9,31.08,14.08,1,124.99,224.0,False
61,CEK,Central Kimberley,76755.9,31.08,14.08,2,124.99,252.0,False
61,CEK,Central Kimberley,76755.9,31.08,14.08,3,100.75,266.0,False
61,CEK,Central Kimberley,76755.9,31.08,14.08,4,76.5,252.0,False
61,CEK,Central Kimberley,76755.9,31.08,14.08,5,76.5,224.0,False
62,ITI,Indian Tropical Islands,273.3,31.73,14.73,0,149.24,210.0,False
62,ITI,Indian Tropical Islands,273.3,31.73,14.73,1,173.49,224.0,False
62,ITI,Indian Tropical Islands,273.3,31.73,14.73,2,173.49,252.0,False
62,ITI,Indian Tropical Islands,273.3,31.73,14.73,3,149.24,266.0,False
62,ITI,Indian Tropical Islands,273.3,31.73,14.73,4,124.99,252.0,False
62,ITI,Indian Tropical Islands,273.3,31.73,14.73,5,124.99,224.0,False
63,MAL,Mallee,73975.6,31.86,14.86,0,197.74,210.0,False
63,MAL,Mallee,73975.6,31.86,14.86,1,221.99,224.0,False
63,MAL,Mallee,73975.6,31.86,14.86,2,221.99,252.0,False
63,MAL,Mallee,73975.6,31.86,14.86,3,197.74,266.0,False
63,MAL,Mallee,73975.6,31.86,14.86,4,173.49,252.0,False
63,MAL,Mallee,73975.6,31.86,14.86,5,173.49,224.0,False
64,CEA,Central Arnhem,34624.3,34.08,17.08,0,246.24,210.0,False
64,CEA,Central Arnhem,34624.3,34.08,17.08,1,270.49,224.0,False
64,CEA,Central Arnhem,34624.3,34.08,17.08,2,270.49,252.0,False
64,CEA,Central Arnhem,34624.3,34.08,17.08,3,246.24,266.0,False
64,CEA,Central Arnhem,34624.3,34.08,17.08,4,221.99,252.0,False
64,CEA,Central Arnhem,34624.3,34.08,17.08,5,221.99,224.0,False
65,PSI,Pacific Subtropical Islands,58.2,34.1,17.1,0,294.74,210.0,False
65,PSI,Pacific Subtropical Islands,58.2,34.1,17.1,1,318.98,224.0,False
65,PSI,Pacific Subtropical Islands,58.2,34.1,17.1,2,318.98,252.0,False
65,PSI,Pacific Subtropical Islands,58.2,34.1,17.1,3,294.74,266.0,False
65,PSI,Pacific Subtropical Islands,58.2,34.1,17.1,4,270.49,252.0,False
65,PSI,Pacific Subtropical Islands,58.2,34.1,17.1,5,270.49,224.0,False
66,FUR,Furneaux,5375.4,34.41,17.41,0,343.23,210.0,False
66,FUR,Furneaux,5375.4,34.41,17.41,1,367.48,224.0,False
66,FUR,Furneaux,5375.4,34.41,17.41,2,367.48,252.0,False
66,FUR,Furneaux,5375.4,34.41,17.41,3,343.23,266.0,False
66,FUR,Furneaux,5375.4,34.41,17.41,4,318.98,252.0,False
66,FUR,Furneaux,5375.4,34.41,17.41,5,318.98,224.0,False
67,YAL,Yalgoo,50875.8,35.56,18.56,0,391.73,210.0,False
67,YAL,Yalgoo,50875.8,35.56,18.56,1,415.98,224.0,False
67,YAL,Yalgoo,50875.8,35.56,18.56,2,415.98,252.0,False
67,YAL,Yalgoo,50875.8,35.56,18.56,3,391.73,266.0,False
67,YAL,Yalgoo,50875.8,35.56,18.56,4,367.48,252.0,False
67,YAL,Yalgoo,50875.8,35.56,18.56,5,367.48,224.0,False
68,SEC,South East Corner,25320.5,36.84,19.84,0,440.23,210.0,False
68,SEC,South East Corner,25320.5,36.84,19.84,1,464.48,224.0,False
68,SEC,South East Corner,25320.5,36.84,19.84,2,464.48,252.0,False
68,SEC,South East Corner,25320.5,36.84,19.84,3,440.23,266.0,False
68,SEC,South East Corner,25320.5,36.84,19.84,4,415.98,252.0,False
68,SEC,South East Corner,25320.5,36.84,19.84,5,415.98,224.0,False
69,COO,Coolgardie,129122.1,37.62,20.62,0,488.73,210.0,False
69,COO,Coolgardie,129122.1,37.62,20.62,1,512.97,224.0,False
69,COO,Coolgardie,129122.1,37.62,20.62,2,512.97,252.0,False
69,COO,Coolgardie,129122.1,37.62,20.62,3,488.73,266.0,False
69,COO,Coolgardie,129122.1,37.62,20.62,4,464.48,252.0,False
69,COO,Coolgardie,129122.1,37.62,20.62,5,464.48,224.0,False
70,CYP,Cape York Peninsula,122564.6,38.77,21.77,0,537.22,210.0,False
70,CYP,Cape York Peninsula,122564.6,38.77,21.77,1,561.47,224.0,False
70,CYP,Cape York Peninsula,122564.6,38.77,21.77,2,561.47,252.0,False
70,CYP,Cape York Peninsula,122564.6,38.77,21.77,3,537.22,266.0,False
70,CYP,Cape York Peninsula,122564.6,38.77,21.77,4,512.97,252.0,False
70,CYP,Cape York Peninsula,122564.6,38.77,21.77,5,512.97,224.0,False
71,PCK,Pine Creek,28517.8,42.68,25.68,0,585.72,210.0,False
71,PCK,Pine Creek,28517.8,42.68,25.68,1,609.97,224.0,False
71,PCK,Pine Creek,28517.8,42.68,25.68,2,609.97,252.0,False
71,PCK,Pine Creek,28517.8,42.68,25.68,3,585.72,266.0,False
71,PCK,Pine Creek,28517.8,42.68,25.68,4,561.47,252.0,False
71,PCK,Pine Creek,28517.8,42.68,25.68,5,561.47,224.0,False
72,SYB,Sydney Basin,36296.0,42.68,25.68,0,28.0,252.0,False
72,SYB,Sydney Basin,36296.0,42.68,25.68,1,52.25,266.0,False
72,SYB,Sydney Basin,36296.0,42.68,25.68,2,52.25,294.0,False
72,SYB,Sydney Basin,36296.0,42.68,25.68,3,28.0,308.0,False
72,SYB,Sydney Basin,36296.0,42.68,25.68,4,3.75,294.0,False
72,SYB,Sydney Basin,36296.0,42.68,25.68,5,3.75,266.0,False
73,GVD,Great Victoria Desert,422465.6,42.97,25.97,0,76.5,252.0,False
73,GVD,Great Victoria Desert,422465.6,42.97,25.97,1,100.75,266.0,False
73,GVD,Great Victoria Desert,422465.6,42.97,25.97,2,100.75,294.0,False
73,GVD,Great Victoria Desert,422465.6,42.97,25.97,3,76.5,308.0,False
73,GVD,Great Victoria Desert,422465.6,42.97,25.97,4,52.25,294.0,False
73,GVD,Great Victoria Desert,422465.6,42.97,25.97,5,52.25,266.0,False
74,TAN,Tanami,259972.8,44.65,27.65,0,124.99,252.0,False
74,TAN,Tanami,259972.8,44.65,27.65,1,149.24,266.0,False
74,TAN,Tanami,259972.8,44.65,27.65,2,149.24,294.0,False
74,TAN,Tanami,259972.8,44.65,27.65,3,124.99,308.0,False
74,TAN,Tanami,259972.8,44.65,27.65,4,100.75,294.0,False
74,TAN,Tanami,259972.8,44.65,27.65,5,100.75,266.0,False
75,WAR,Warren,8447.7,46.94,29.94,0,173.49,252.0,False
75,WAR,Warren,8447.7,46.94,29.94,1,197.74,266.0,False
75,WAR,Warren,8447.7,46.94,29.94,2,197.74,294.0,False
75,WAR,Warren,8447.7,46.94,29.94,3,173.49,308.0,False
75,WAR,Warren,8447.7,46.94,29.94,4,149.24,294.0,False
75,WAR,Warren,8447.7,46.94,29.94,5,149.24,266.0,False
76,LSD,Little Sandy Desert,110898.6,47.34,30.34,0,221.99,252.0,False
76,LSD,Little Sandy Desert,110898.6,47.34,30.34,1,246.24,266.0,False
76,LSD,Little Sandy Desert,110898.6,47.34,30.34,2,246.24,294.0,False
76,LSD,Little Sandy Desert,110898.6,47.34,30.34,3,221.99,308.0,False
76,LSD,Little Sandy Desert,110898.6,47.34,30.34,4,197.74,294.0,False
76,LSD,Little Sandy Desert,110898.6,47.34,30.34,5,197.74,266.0,False
77,GSD,Great Sandy Desert,394861.4,49.92,32.92,0,270.49,252.0,False
77,GSD,Great Sandy Desert,394861.4,49.92,32.92,1,294.74,266.0,False
77,GSD,Great Sandy Desert,394861.4,49.92,32.92,2,294.74,294.0,False
77,GSD,Great Sandy Desert,394861.4,49.92,32.92,3,270.49,308.0,False
77,GSD,Great Sandy Desert,394861.4,49.92,32.92,4,246.24,294.0,False
77,GSD,Great Sandy Desert,394861.4,49.92,32.92,5,246.24,266.0,False
78,WET,Wet Tropics,19891.1,53.54,36.54,0,318.98,252.0,False
78,WET,Wet Tropics,19891.1,53.54,36.54,1,343.23,266.0,False
78,WET,Wet Tropics,19891.1,53.54,36.54,2,343.23,294.0,False
78,WET,Wet Tropics,19891.1,53.54,36.54,3,318.98,308.0,False
78,WET,Wet Tropics,19891.1,53.54,36.54,4,294.74,294.0,False
78,WET,Wet Tropics,19891.1,53.54,36.54,5,294.74,266.0,False
79,ARC,Arnhem Coast,33356.7,54.23,37.23,0,367.48,252.0,False
79,ARC,Arnhem Coast,33356.7,54.23,37.23,1,391.73,266.0,False
79,ARC,Arnhem Coast,33356.7,54.23,37.23,2,391.73,294.0,False
79,ARC,Arnhem Coast,33356.7,54.23,37.23,3,367.48,308.0,False
79,ARC,Arnhem Coast,33356.7,54.23,37.23,4,343.23,294.0,False
79,ARC,Arnhem Coast,33356.7,54.23,37.23,5,343.23,266.0,False
80,TSR,Tasmanian Southern Ranges,7821.2,54.36,37.36,0,415.98,252.0,False
80,TSR,Tasmanian Southern Ranges,7821.2,54.36,37.36,1,440.23,266.0,False
80,TSR,Tasmanian Southern Ranges,7821.2,54.36,37.36,2,440.23,294.0,False
80,TSR,Tasmanian Southern Ranges,7821.2,54.36,37.36,3,415.98,308.0,False
80,TSR,Tasmanian Southern Ranges,7821.2,54.36,37.36,4,391.73,294.0,False
80,TSR,Tasmanian Southern Ranges,7821.2,54.36,37.36,5,391.73,266.0,False
81,NUL,Nullarbor,197227.7,54.93,37.93,0,464.48,252.0,False
81,NUL,Nullarbor,197227.7,54.93,37.93,1,488.73,266.0,False
81,NUL,Nullarbor,197227.7,54.93,37.93,2,488.73,294.0,False
81,NUL,Nullarbor,197227.7,54.93,37.93,3,464.48,308.0,False
81,NUL,Nullarbor,197227.7,54.93,37.93,4,440.23,294.0,False
81,NUL,Nullarbor,197227.7,54.93,37.93,5,440.23,266.0,False
82,GID,Gibson Desert,156289.2,58.4,41.4,0,512.97,252.0,False
82,GID,Gibson Desert,156289.2,58.4,41.4,1,537.22,266.0,False
82,GID,Gibson Desert,156289.2,58.4,41.4,2,537.22,294.0,False
82,GID,Gibson Desert,156289.2,58.4,41.4,3,512.97,308.0,False
82,GID,Gibson Desert,156289.2,58.4,41.4,4,488.73,294.0,False
82,GID,Gibson Desert,156289.2,58.4,41.4,5,488.73,266.0,False
83,TCH,Tasmanian Central Highlands,7678.5,60.88,43.88,0,561.47,252.0,False
83,TCH,Tasmanian Central Highlands,7678.5,60.88,43.88,1,585.72,266.0,False
83,TCH,Tasmanian Central Highlands,7678.5,60.88,43.88,2,585.72,294.0,False
83,TCH,Tasmanian Central Highlands,7678.5,60.88,43.88,3,561.47,308.0,False
83,TCH,Tasmanian Central Highlands,7678.5,60.88,43.88,4,537.22,294.0,False
83,TCH,Tasmanian Central Highlands,7678.5,60.88,43.88,5,537.22,266.0,False
84,NOK,Northern Kimberley,84201.0,61.75,44.75,0,52.25,294.0,False
84,NOK,Northern Kimberley,84201.0,61.75,44.75,1,76.5,308.0,False
84,NOK,Northern Kimberley,84201.0,61.75,44.75,2,76.5,336.0,False
84,NOK,Northern Kimberley,84201.0,61.75,44.75,3,52.25,350.0,False
84,NOK,Northern Kimberley,84201.0,61.75,44.75,4,28.0,336.0,False
84,NOK,Northern Kimberley,84201.0,61.75,44.75,5,28.0,308.0,False
85,AUA,Australian Alps,12329.9,64.01,47.01,0,100.75,294.0,True
85,AUA,Australian Alps,12329.9,64.01,47.01,1,124.99,308.0,True
85,AUA,Australian Alps,12329.9,64.01,47.01,2,124.99,336.0,True
85,AUA,Australian Alps,12329.9,64.01,47.01,3,100.75,350.0,True
85,AUA,Australian Alps,12329.9,64.01,47.01,4,76.5,336.0,True
85,AUA,Australian Alps,12329.9,64.01,47.01,5,76.5,308.0,True
86,ARP,Arnhem Plateau,23060.2,74.96,57.96,0,149.24,294.0,False
86,ARP,Arnhem Plateau,23060.2,74.96,57.96,1,173.49,308.0,False
86,ARP,Arnhem Plateau,23060.2,74.96,57.96,2,173.49,336.0,False
86,ARP,Arnhem Plateau,23060.2,74.96,57.96,3,149.24,350.0,False
86,ARP,Arnhem Plateau,23060.2,74.96,57.96,4,124.99,336.0,False
86,ARP,Arnhem Plateau,23060.2,74.96,57.96,5,124.99,308.0,False
87,CER,Central Ranges,101640.4,81.32,64.32,0,197.74,294.0,False
87,CER,Central Ranges,101640.4,81.32,64.32,1,221.99,308.0,False
87,CER,Central Ranges,101640.4,81.32,64.32,2,221.99,336.0,False
87,CER,Central Ranges,101640.4,81.32,64.32,3,197.74,350.0,False
87,CER,Central Ranges,101640.4,81.32,64.32,4,173.49,336.0,False
87,CER,Central Ranges,101640.4,81.32,64.32,5,173.49,308.0,False
88,TWE,Tasmanian West,15650.8,86.29,69.29,0,246.24,294.0,True
88,TWE,Tasmanian West,15650.8,86.29,69.29,1,270.49,308.0,True
88,TWE,Tasmanian West,15650.8,86.29,69.29,2,270.49,336.0,True
88,TWE,Tasmanian West,15650.8,86.29,69.29,3,246.24,350.0,True
88,TWE,Tasmanian West,15650.8,86.29,69.29,4,221.99,336.0,True
88,TWE,Tasmanian West,15650.8,86.29,69.29,5,221.99,308.0,True
